type,id,question,A,B,C,D,correct,image,acceptedAnswers,image1,answer1,image2,answer2,image3,answer3,image4,answer4
mcq,1,Kompania zmechanizowana w natarciu może działać jako?,Pododdział obejścia,Odwód strategiczny szczebla armii,Samodzielna grupa operacyjna Poprawna: a) Pododdział obejścia,,,,,,,,,,,,
mcq,2,W skład kompanijnego punktu zaopatrzenia wchodzi?,Kompanijny punkt dowodzenia,Kompanijny punkt żywienia,Batalionowy punkt medyczny Poprawna: b) Kompanijny punkt żywienia,,,,,,,,,,,,
mcq,3,Do specyficznych środowisk walki zaliczamy?,Wyłącznie teren pustynny i stepowy,"Teren zabudowany, lasy i obszary lesisto-jeziorne, teren górzysty, wybrzeże morskie, przeszkody wodne, noc i warunki ograniczonej widoczności oraz zimę",Wyłącznie obszary zurbanizowane powyżej 100 tys. mieszkańców,,B,,,,,,,,,,
mcq,4,KTO Rosomak jako samobieżny moździerz wyposażony jest w główny środek ogniowy o kalibrze?,98 mm,120 mm,155 mm Poprawna: b) 120 mm,,,,,,,,,,,,
mcq,5,PPZR Poprad jest?,Samobieżnym zestawem artylerii lufowej,Środkiem ogniowym – rakietowym,Transporterem opancerzonym wsparcia logistycznego Poprawna: b) Środkiem ogniowym – rakietowym,,,,,,,,,,,,
mcq,6,Wyróżniamy następujące rodzaje natarcia?,"Atak wyprzedzający, rozpoznanie walką, rajd, kontratak, natarcie szybkie","Obrona manewrowa, obrona stała, obrona przejściowa","Zasadzka, blokada, ewakuacja",,A,,,,,,,,,,
mcq,7,Do uzupełniających działań bojowych zaliczamy?,Bój spotkaniowy,Operację strategiczną połączoną,Mobilizację powszechną Poprawna: a) Bój spotkaniowy,,,,,,,,,,,,
mcq,8,Obroną jest?,Rodzaj działań polegający wyłącznie na wycofaniu się bez walki,Zamierzony lub wymuszony rodzaj walki prowadzony w celu zapobieżenia opanowaniu terenu przez przeciwnika i stworzenia warunków do działań zaczepnych,Czasowe wstrzymanie działań bojowych w celu reorganizacji sił,,B,,,,,,,,,,
mcq,9,Formami działań nieregularnych nie są?,Sabotaż i dywersja,Działania towarzyszące,Partyzantka Poprawna: b) Działania towarzyszące,,,,,,,,,,,,
mcq,10,Pluton zmechanizowany w jednym rzucie broni się na szerokości około?,200 m,500 m,1200 m Poprawna: b) 500 m,,,,,,,,,,,,
mcq,11,"W dowództwie batalionu, dywizjonu tworzy się?",Sztab,Grupę operacyjną szczebla korpusu,Dowództwo połączonych sił zadaniowych Poprawna: a) Sztab,,,,,,,,,,,,
mcq,12,"W pionie operacyjnym batalionu, dywizjonu, eskadry nie tworzy się?",Sekcji operacyjnej,Wydziałów,Stanowiska oficera operacyjnego Poprawna: b) Wydziałów,,,,,,,,,,,,
mcq,13,"W dowództwie batalionu, dywizjonu tworzy się stanowiska?",Dowódców brygad,Zastępców Szefa Sztabu,Inspektorów rodzajów sił zbrojnych Poprawna: b) Zastępców Szefa Sztabu,,,,,,,,,,,,
mcq,14,KTO Rosomak jako samobieżny moździerz wyposażony jest?,W armatę 30 mm,W przeciwpancerny zestaw kierowany,W kompanijny moduł ogniowy Poprawna: c) W kompanijny moduł ogniowy,,,,,,,,,,,,
mcq,15,PPZR Poprad przeznaczony jest do zwalczania?,Celów nawodnych,Celów powietrznych na bardzo małych odległościach,Celów pancernych na dystansie powyżej 10 km Poprawna: b) Celów powietrznych na bardzo małych odległościach,,,,,,,,,,,,
mcq,16,Batalion zmechanizowany ma kompanii zmechanizowanych?,Dwie,Trzy,Cztery Poprawna: b) Trzy,,,,,,,,,,,,
mcq,17,Następujący samolot bojowy nie jest na uzbrojeniu eskadr Sił Powietrznych?,F-16,MiG-29,Su-27 Poprawna: c) Su-27,,,,,,,,,,,,
mcq,18,Następujący śmigłowiec nie jest na uzbrojeniu LWL i WS?,Mi-24,W-3 Sokół,Ka-52 Poprawna: c) Ka-52,,,,,,,,,,,,
mcq,19,Następujący środek obrony przeciwlotniczej nie jest na uzbrojeniu baterii plot?,ZU-23-2,TOR,Poprad Poprawna: b) TOR,,,,,,,,,,,,
mcq,20,W kompanii zmechanizowanej plutonów zmechanizowanych jest?,Dwa,Trzy,Cztery Poprawna: b) Trzy,,,,,,,,,,,,
mcq,21,Głównym zadaniem elementów dalekiego rozpoznania jest?,Bezpośrednie niszczenie sił przeciwnika w pierwszym rzucie,Zabezpieczenie logistyczne wojsk własnych,"Zbieranie informacji o przeciwniku, jego siłach, rozmieszczeniu, ruchach i zamiarach z odpowiednim wyprzedzeniem",Organizowanie obrony przeciwlotniczej ugrupowania bojowego,C,,,,,,,,,,
mcq,22,Rozpoznanie wojskowe obejmuje?,Wyłącznie rozpoznanie sił przeciwnika w bezpośrednim kontakcie,"Rozpoznanie sił przeciwnika, rozpoznanie terenu, zbieranie informacji wywiadowczych, wczesne ostrzeganie, prowadzenie działań specjalnych",Jedynie działania satelitarne i cybernetyczne,Organizację mobilizacji i rozwinięcia wojsk,B,,,,,,,,,,
mcq,23,W wojskach lądowych kompania rozpoznawcza podległa dowódcy brygady realizuje zadania takie jak?,Wyłącznie ochrona stanowiska dowodzenia brygady,"Zbieranie danych wywiadowczych, rozpoznanie terenu, patrole i rajdy rozpoznawcze, naprowadzanie ognia, zwalczanie rozpoznania przeciwnika",Prowadzenie zasadniczych działań szturmowych w pierwszym rzucie,Zabezpieczenie medyczne pododdziałów liniowych,B,,,,,,,,,,
mcq,24,Rodzaje rozpoznania wojskowego to?,"Lądowe, morskie, lotnicze, elektroniczne, cybernetyczne, agenturalne, obrazowe","Taktyczne, operacyjne i strategiczne (wyłącznie podział szczeblowy)","Obronne, zaczepne i manewrowe",Wyłącznie satelitarne i radioelektroniczne,A,,,,,,,,,,
mcq,25,Do zasad rozpoznania zgodnie z „Regulaminem działań wojsk lądowych” zalicza się?,"Centralne kierowanie, terminowość, systematyczne wykorzystanie źródeł, obiektywność, dostępność, dyspozycyjność, zabezpieczenie źródeł, ciągła weryfikacja",Wyłącznie szybkość działania i zaskoczenie przeciwnika,"Maskowanie, manewr i ogień",Jednoosobowe kierowanie i decentralizację rozpoznania bez nadzoru,A,,,,,,,,,,
mcq,26,Danymi rozpoznawczymi są?,Wyłącznie informacje pochodzące z wywiadu strategicznego,Wszelkie informacje pozyskane w wyniku działań rozpoznawczych mające znaczenie dla planowania i prowadzenia operacji,Meldunki logistyczne dotyczące wyżywienia żołnierzy,Rozkazy wydawane przez dowódcę pododdziału,B,,,,,,,,,,
mcq,27,Dowódca prowadzący działania będzie zainteresowany informacjami z rejonów?,Wyłącznie bezpośredniego styku z przeciwnikiem,"Działań wroga, obszaru walki, terenu, logistyki, przestrzeni informatycznej oraz oddziaływania ludności cywilnej",Tylko własnego zaplecza logistycznego,Jedynie przestrzeni powietrznej nad ugrupowaniem,B,,,,,,,,,,
mcq,28,Działalność rozpoznawcza powinna spełniać kryteria?,"Ciągłości, kompleksowości, dokładności i elastyczności",Jednorazowości i doraźności,Utajnienia bez weryfikacji danych,Wyłącznej centralizacji bez współdziałania,A,,,,,,,,,,
mcq,29,Rejon zainteresowania rozpoznawczego (Area of Intelligence Interest) – jego głębokość może wynosić?,"Dla batalionu do 10 km, brygady do 30 km, dywizji do 70 km","Dla batalionu do 30 km, brygady do 70 km, dywizji do 150 km",Jednakowo 50 km dla każdego szczebla,Wyłącznie w granicach bezpośredniej styczności wojsk,B,,,,,,,,,,
mcq,30,Rejon odpowiedzialności rozpoznawczej (Area of Intelligence Responsibility) – głębokość może wynosić?,"Dla batalionu do 5 km, brygady do 20 km, dywizji do 60 km","Dla batalionu do 30 km, brygady do 70 km, dywizji do 150 km",Wyłącznie w granicach administracyjnych państwa,Zawsze dwukrotność rejonu zainteresowania rozpoznawczego,B,,,,,,,,,,
mcq,31,W skład komponentu lądowego i powietrznego Sił Zbrojnych Federacji Rosyjskiej stacjonującego w Obwodzie Królewieckim wchodzą?,"336 Brygada Piechoty Morskiej, 313 Oddział Specjalnego Przeznaczenia, 4 pułk lotnictwa szturmowego, 689 pułk lotnictwa myśliwskiego, 398 eskadra lotnictwa transportowego, 125 eskadra śmigłowców, 396 eskadra śmigłowców ZOP","1 Gwardyjska Armia Pancerna, 76 Dywizja Desantowo-Szturmowa, 22 Korpus Armijny, 6 Armia Lotnicza i Obrony Powietrznej","11 Dywizja Pancerna, 25 Brygada Zmechanizowana, 3 Pułk Rakietowy Iskander, 2 Pułk Bombowy","7 Dywizja Powietrznodesantowa, 810 Brygada Piechoty Morskiej, 31 Brygada Desantowo-Szturmowa",A,,,,,,,,,,
mcq,32,W skład 34. Mieszanej Dywizji Lotniczej Sił Zbrojnych Federacji Rosyjskiej wchodzi?,"4 mieszany pułk lotniczy (Czerniachowsk), 689 pułk lotnictwa myśliwskiego (Czkałowsk), 396 mieszany pułk śmigłowców (Donskoje)","159 pułk myśliwski, 47 pułk bombowy, 55 pułk rozpoznawczy","22 pułk lotnictwa dalekiego zasięgu, 14 pułk transportowy, 9 brygada śmigłowców szturmowych","6 armia lotnicza, 105 dywizja bombowa, 18 pułk bezzałogowych statków powietrznych",A,,,,,,,,,,
mcq,33,"Wskaż, które z wymienionych przedsięwzięć nie należy do działań OPBMR?",Wykrywanie i identyfikacja skażeń,Monitoring zmian sytuacji skażeń,"Ostrzeganie, alarmowanie i meldowanie o skażeniach",Ochrona przed zbrojną napaścią,D,,,,,,,,,,
mcq,34,Która substancja chemiczna nie należy do Toksycznych Środków Przemysłowych?,Cyjanowodór,Chlor,Dwutlenek węgla,Sarin,C,,,,,,,,,,
mcq,35,Do charakterystycznych oznak użycia BMR zaliczymy?,Zniszczenia na niewielką skalę,Znaczny wzrost zachorowań na chorobę nieznanego pochodzenia,Znaczny spadek poziomu rzek,Masowe straty w ludziach,B,,,,,,,,,,
mcq,36,Do zespołu charakterystycznych objawów wywołanych przez TŚP nie należy?,Paraliż układu nerwowego,Podrażnienie skóry i błon śluzowych,Biegunka i inne komplikacje ze strony układu pokarmowego,Zaburzenia widzenia,A,,,,,,,,,,
mcq,37,Przyrządem do rozpoznania skażeń chemicznych i promieniotwórczych nie jest?,Dozymetr DKP-50,Lyse Cycler,Papierek wskaźnikowy PWCH-1,Automatyczny przyrząd rozpoznania skażeń chemicznych AP-2C / AP-4C,B,,,,,,,,,,
mcq,38,Do metod wykrywania skażeń promieniotwórczych nie zaliczamy?,Metody fotograficznej,Metody immunochromatograficznej,Metody scyntylacyjnej,Metody radiometrycznej,B,,,,,,,,,,
mcq,39,Urządzeniem niesłużącym do detekcji i identyfikacji BMR jest?,PCHR-54M,Dozymetr optyczny,LIDAR,Real Time-PCR,B,,,,,,,,,,
mcq,40,Co oznacza skrót OPBMR?,Obrona przed Biologiczną Możliwością Rażenia,Obrona przed Bronią Masowego Rażenia,Oznaki Porażenia Bronią Masowego Rażenia,Obrona Poszkodowanych Bronią Masowego Rażenia,B,,,,,,,,,,
mcq,41,Wskaż prawidłową definicję „identyfikacji skażeń”?,Działanie zmierzające do ustalenia rodzaju środka lub materiału użytego podczas wystąpienia zdarzenia BMR,Działanie zmierzające do ustalenia rodzaju środka lub materiału użytego podczas wystąpienia zdarzenia CBRN,Działanie zmierzające do ustalenia przedmiotu i czynnika użytego podczas wystąpienia zdarzenia CBRN,Dział poświęcony identyfikacji skażenia poprzez identyfikację użytego czynnika BMR,B,,,,,,,,,,
mcq,42,Które rozwinięcie skrótu ZSOPS jest prawidłowe?,Zabezpieczające Środki Ochrony przed Skażeniami,Zbiorowe Środki Ochrony przed Skażeniami,Zbiorcze Środki Ochrony przed Skażeniami,Zwyczajny Sprzęt Ochronny przed Skażeniami,B,,,,,,,,,,
mcq,43,Prawidłowa definicja „broni jądrowej” to?,"Kompletny zestaw urządzeń, który w ostatecznej konfiguracji po zakończeniu procesu uzbrajania prowadzi do zainicjowania niekontrolowanej reakcji jądrowej z uwolnieniem energii","Kompletny zestaw urządzeń, który w ostatecznej konfiguracji po zakończeniu procesu uzbrajania i odpalania prowadzi do zainicjowania niekontrolowanej reakcji jądrowej z uwolnieniem energii","Zestaw urządzeń, który w ostatecznej konfiguracji po zakończeniu procesu odpalania prowadzi do zainicjowania niekontrolowanej reakcji jądrowej",Urządzenia inicjujące reakcję jądrową z udziałem uwolnionej energii o ogromnej sile,B,,,,,,,,,,
mcq,44,Obrona Przeciwlotnicza jest częścią składową?,Obrony Terytorialnej państwa,Obrony Przestrzeni Powietrznej w celu zwalczania środków napadu powietrznego,Systemu reagowania kryzysowego administracji cywilnej,Marynarki Wojennej,B,,,,,,,,,,
mcq,45,Jaki element należy do pasywnej powszechnej obrony przeciwlotniczej?,Prowadzenie ognia do celów powietrznych,"Maskowanie, rozśrodkowanie sił i przygotowanie schronień",Naprowadzanie lotnictwa myśliwskiego,Użycie rakiet przeciwlotniczych,B,,,,,,,,,,
mcq,46,Do obowiązków obserwatora na posterunku obserwacyjnym nie należy?,Wykrywanie i meldowanie o środkach napadu powietrznego,Określanie kierunku i wysokości lotu,Prowadzenie dokumentacji obserwacyjnej,Przeprowadzanie ataków lub prowadzenie ognia,D,,,,,,,,,,
mcq,47,Likwidacja skutków uderzeń ze strony przeciwnika powietrznego nie obejmuje?,Usuwania zniszczeń infrastruktury,Ewakuacji poszkodowanych,Bezpośredniego reagowania ogniem przeciwlotniczym,Przywracania zdolności bojowej,C,,,,,,,,,,
mcq,48,Do rodzajów śmigłowców bojowych zaliczamy?,Szturmowe (uderzeniowe),Wyłącznie transportowe,Wyłącznie szkolne,Bombowe dalekiego zasięgu,A,,,,,,,,,,
mcq,49,Jakie wyróżniamy sposoby stawiania zapór ogniowych w ramach POPL?,Okrężna i liniowa,Pionowa i pochyła,Centralna i sektorowa,Stała i ruchoma,B,,,,,,,,,,
mcq,50,Zestawy przeciwlotnicze krótkiego zasięgu (SHORAD) mieszczą się w przedziale?,do 5 km,od 5 do 10 km,od 10 do 50 km,powyżej 100 km,C,,,,,,,,,,
mcq,51,W ramach programu „NAREW” pozyskano zestawy przeciwlotnicze?,Tak – m.in. iLauncher z pociskami CAMM oraz wozy dowodzenia,Nie – program został anulowany,Wyłącznie zestawy artyleryjskie 23 mm,Jedynie radary bez efektorów,A,,,,,,,,,,
mcq,52,Do wyposażenia Posterunku Obserwacyjnego należy?,Wyrzutnia rakiet przeciwlotniczych,"Lornetka, busola, środki łączności i dziennik obserwatora",Armata przeciwlotnicza,Radar dalekiego zasięgu,B,,,,,,,,,,
mcq,53,Odwołanie alarmu powietrznego przy użyciu syreny jest ogłaszane poprzez?,Jednominutowy sygnał przerywany,Dwuminutowy sygnał modulowany,Trzyminutowy sygnał ciągły,Pięciominutowy sygnał przerywany,C,,,,,,,,,,
mcq,54,Wojskowe mapy topograficzne należą do grupy map?,Tematycznych,Ogólnogeograficznych,Hydrograficznych,Klimatycznych,B,,,,,,,,,,
mcq,55,Przygotowanie mapy do pracy nie obejmuje?,Zorientowania mapy w terenie,Sprawdzenia aktualności treści mapy,"Sprawdzenia wydawcy mapy, godła i numeru serii",Sprawdzenia skali mapy,C,,,,,,,,,,
mcq,56,Mapę można zorientować?,Wyłącznie przy użyciu GPS,Magnetycznie i geometrycznie,Tylko według Słońca,Jedynie przy użyciu dalmierza,B,,,,,,,,,,
mcq,57,Odległość zmierzona w terenie wynosi 575 m. Jakim odcinkiem jest przedstawiona na mapie w skali 1:25 000?,"11,5 mm",23 mm,"5,75 mm","57,5 mm",B,,,,,,,,,,
mcq,58,Na mapie w skali 1:50 000 1 cm odpowiada odległości w terenie równej?,50 m,100 m,500 m,5 km,C,,,,,,,,,,
mcq,59,Kierunek północy geograficznej na mapie wyznaczają?,Równoleżniki,Poziomice,Siatka kilometrowa,Południki,D,,,,,,,,,,
mcq,60,Swoje położenie w terenie możemy określić za pomocą?,Wyłącznie odbiornika GPS,Mapy i busoli,Jedynie obserwacji drzew i mrowisk,Tylko kompasu bez mapy,B,,,,,,,,,,
mcq,61,Jaki sposób pomiaru odległości będzie najczęściej wykorzystywany podczas marszu według mapy?,Pomiar dalmierzem laserowym,Pomiar krokami (parokrokami),Pomiar teodolitem,Pomiar echosondą,B,,,,,,,,,,
mcq,62,Umowne znaki topograficzne możemy podzielić na?,"Punktowe, liniowe, konturowe i objaśniające",Wojskowe i cywilne,Naturalne i sztuczne,Stałe i ruchome,A,,,,,,,,,,
mcq,63,Kierunek spadku terenu na mapie możemy określić za pomocą?,Równoleżników,Południków,Poziomic,Legendy mapy,C,,,,,,,,,,
mcq,64,Funkcje dowodzenia to?,"Ustalanie położenia, planowanie, stawianie zadań, kontrola","Maskowanie, manewr, ogień, obrona","Mobilizacja, szkolenie, dyscyplina","Dowodzenie, rozpoznanie, logistyka",A,,,,,,,,,,
mcq,65,Jakie rodzaje wojsk wchodzą w skład Sił Powietrznych?,"Wojska lotnicze, wojska obrony przeciwlotniczej, wojska radiotechniczne","Wojska pancerne, zmechanizowane i aeromobilne",Marynarka Wojenna i Wojska Specjalne,Wyłącznie lotnictwo myśliwskie,A,,,,,,,,,,
mcq,66,W jakiej sytuacji wydaje się zarządzenie bojowe?,Wyłącznie przed rozpoczęciem działań bojowych,"W przypadku zmiany sytuacji lub sposobu działania, jako uzupełnienie rozkazu bojowego",Tylko w czasie pokoju,Zawsze zamiast rozkazu bojowego,B,,,,,,,,,,
mcq,67,Jednostki wojskowe i związki organizacyjne Sił Zbrojnych RP w czasie pokoju podlegają?,Ministrowi Obrony Narodowej bezpośrednio,Szefowi Sztabu Generalnego WP,Dowódcy Generalnemu Rodzajów Sił Zbrojnych,Prezesowi Rady Ministrów,C,,,,,,,,,,
mcq,68,Kto jest Zwierzchnikiem Sił Zbrojnych RP?,Minister Obrony Narodowej,Marszałek Sejmu,Prezydent RP,Premier RP,C,,,,,,,,,,
mcq,69,Ile punktów zawiera rozkaz bojowy?,Trzy,Cztery,Pięć,Siedem,C,,,,,,,,,,
mcq,70,Jakie elementy wchodzą w skład systemu dowodzenia?,"Organizacja dowodzenia, środki dowodzenia, proces dowodzenia",Wyłącznie dowódca i sztab,"Logistyka, medycyna, transport",Planowanie i kontrola,A,,,,,,,,,,
mcq,71,Wojska aeromobilne wchodzą w skład?,Sił Powietrznych,Marynarki Wojennej,Wojsk Lądowych,Wojsk Specjalnych,C,,,,,,,,,,
mcq,72,W skład Sił Powietrznych jako ich związki taktyczne wchodzą?,1 Skrzydło Lotnictwa Taktycznego i 2 Skrzydło Lotnictwa Taktycznego,12 Dywizja Zmechanizowana,11 Lubuska Dywizja Kawalerii Pancernej,3 Flotylla Okrętów,A,,,,,,,,,,
mcq,73,W punkcie drugim rozkazu bojowego (Realizacja) nie umieszcza się?,Zamiaru dowódcy,Zadań dla podwładnych,Wytycznych koordynacyjnych,Charakterystyki przeciwnika,D,,,,,,,,,,
mcq,74,Czynniki walki zbrojnej to?,"Rażenie, ruch, informacja","Mobilizacja, szkolenie, logistyka","Dowodzenie, zabezpieczenie, medycyna","Ogień, maskowanie, inżynieria",A,,,,,,,,,,
mcq,75,W punkcie pierwszym rozkazu bojowego (Sytuacja) nie umieszcza się?,Obszaru działań,Przeciwnika,Wojsk własnych,Zamiaru dowódcy,D,,,,,,,,,,
mcq,76,Dokumenty graficzne to?,"Mapy operacyjne i taktyczne, szkice sytuacyjne, plany ogniowe, schematy organizacyjne",Wyłącznie rozkazy pisemne i meldunki,Tylko fotografie satelitarne,Instrukcje i regulaminy wojskowe,A,,,,,,,,,,
mcq,77,"Podczas opracowywania dokumentów graficznych należy stosować zasadę, że wojska własne oznacza się kolorem?",Czerwonym,Zielonym,Niebieskim,Czarnym,C,,,,,,,,,,
mcq,78,W jaki sposób oznacza się położenie wojsk i obiektów planowanych lub zapasowych?,Linią ciągłą,Linią przerywaną,Kolorem czarnym bez opisu,Wyłącznie symbolem literowym,B,,,,,,,,,,
mcq,79,W jaki sposób wykonuje się opisy dokumentów graficznych?,Pismem odręcznym drukowanym dowolnej wielkości,"Pismem technicznym, równolegle do poziomej linii siatki współrzędnych lub ramki mapy",Wyłącznie drukiem komputerowym,Ołówkiem bez zachowania proporcji liter,B,,,,,,,,,,
mcq,80,Do oznaczania wojsk własnych stosuje się znaki graficzne nanoszone kolorem?,Czerwonym,Niebieskim,Żółtym,Fioletowym,B,,,,,,,,,,
mcq,81,W jaki sposób nanosimy na mapę położenie wojsk i obiektów rzeczywiste (faktyczne)?,Linią przerywaną,Linią kropkowaną,Linią ciągłą,Linią falistą,C,,,,,,,,,,
mcq,82,"Dokumenty wykonywane na szkicu, kalce lub folii dowiązuje się do mapy topograficznej poprzez?",Zaznaczenie jednego punktu charakterystycznego,Oznaczenie co najmniej trzech charakterystycznych punktów dowiązania,Wskazanie wyłącznie kierunku północy,Podanie współrzędnych bez nanoszenia punktów,B,,,,,,,,,,
mcq,83,Podczas opracowywania dokumentów graficznych wojska przeciwnika oznacza się kolorem?,Niebieskim,Czerwonym,Zielonym,Czarnym,B,,,,,,,,,,
mcq,84,Wojska neutralne na dokumentach graficznych oznacza się kolorem?,Żółtym,Zielonym,Czerwonym,Fioletowym,B,,,,,,,,,,
mcq,85,Położenie wojsk nierozpoznanych oznacza się kolorem?,Żółtym,Niebieskim,Czarnym,Brązowym,A,,,,,,,,,,
mcq,86,Linie rozgraniczenia i ramki na dokumentach graficznych wykonuje się kolorem?,Czerwonym,Zielonym,Czarnym,Fioletowym,C,,,,,,,,,,
mcq,87,Położenie wojsk rzeczywiste (faktyczne) oznacza się?,Linią przerywaną,Linią ciągłą,Linią falistą,Kropkowaniem,B,,,,,,,,,,
mcq,88,Położenie wojsk zapasowych lub pozornych oznacza się?,Linią ciągłą bez opisu,Linią przerywaną z oznaczeniem „Z” lub „P”,Kolorem czarnym,Wyłącznie symbolem literowym,B,,,,,,,,,,
mcq,89,Dokumenty graficzne w sytuacji dynamicznej (różny czas położenia wojsk) oznacza się?,Wyłącznie zmianą koloru,Podkolorowaniem i opisem czasu,Tylko nową mapą,Bez dodatkowych oznaczeń,B,,,,,,,,,,
mcq,90,Opisy dokumentów graficznych wykonuje się?,Pismem odręcznym dowolnym,Pismem technicznym (pochyłym lub pionowym),Wyłącznie drukiem komputerowym,Ołówkiem bez zachowania proporcji,B,,,,,,,,,,
mcq,91,Duże litery w opisach dokumentów graficznych powinny być względem małych?,Takiej samej wielkości,O 1/3 mniejsze,O 1/3 większe,Dwukrotnie większe,C,,,,,,,,,,
mcq,92,Skróty nazw pododdziałów na mapach zapisuje się?,Dużymi literami,Małymi literami,Kursywą,Kolorem czerwonym,B,,,,,,,,,,
mcq,93,Podczas szkolenia w Wojsku Polskim opisy na dokumentach bojowych wykonuje się?,Wyłącznie w języku angielskim,W języku ojczystym,W języku rosyjskim,Dowolnie wybranym języku NATO,B,,,,,,,,,,
mcq,94,Szerokość liter o wysokości do 6 mm powinna wynosić?,1/2 ich wysokości,3/4 ich wysokości,1/3 ich wysokości,Równa wysokości Poprawna: b),,,,,,,,,,,
mcq,95,W literach o wysokości powyżej 6 mm szerokość może wynosić?,Wyłącznie 3/4 wysokości,1/2 lub 1/4 wysokości,Zawsze równa wysokości,Dowolna – bez normy,B,,,,,,,,,,
mcq,96,Odstęp między literami w jednym wyrazie powinien odpowiadać?,Dwóm grubościom litery,Jednej grubości litery,Połowie szerokości litery,Dowolnej odległości,B,,,,,,,,,,
mcq,97,Odstęp między wyrazami nie może być mniejszy niż?,Połowa szerokości litery,Jedna grubość litery,Szerokość jednej litery,Dwie szerokości litery,C,,,,,,,,,,
mcq,98,Odstęp między wierszami powinien wynosić co najmniej?,Jedną grubość litery,Dwie grubości litery,Trzy grubości litery,Cztery grubości litery,D,,,,,,,,,,
mcq,99,Małe litery występujące przed cyframi powinny być względem cyfr?,Tej samej wysokości,O 1/3 mniejsze,O 1/3 większe,Dwukrotnie mniejsze,B,,,,,,,,,,
mcq,100,Skróty pisane dużymi literami względem cyfr powinny być?,O 1/3 większe,O 1/3 mniejsze,Równe wysokości cyfr,Dwukrotnie większe,C,,,,,,,,,,
mcq,101,Na mapie w skali 1:50 000 napisy dla szczebla plutonu nie powinny przekraczać?,2 mm,3–4 mm,6 mm,8 mm,B,,,,,,,,,,
mcq,102,Na mapie w skali 1:50 000 napisy dla szczebla batalionu nie powinny przekraczać?,5 mm,6 mm,8 mm,10 mm,B,,,,,,,,,,
mcq,103,Dokumenty dowodzenia można podzielić na?,Operacyjne i taktyczne,"Dyrektywne, planistyczne, sprawozdawczo-informacyjne, pomocnicze",Jawne i niejawne,Strategiczne i logistyczne,B,,,,,,,,,,
mcq,104,Rozkaz bojowy składa się z ilu punktów?,Trzech,Czterech,Pięciu,Sześciu,C,,,,,,,,,,
mcq,105,Który z poniższych elementów wchodzi w skład rozkazu bojowego?,Sytuacja,Wnioski szkoleniowe,Sprawozdanie finansowe,Analiza meteorologiczna,A,,,,,,,,,,
mcq,106,ATO (Air Tasking Order) jest?,Planem logistycznym,Rozkazem bojowym dla pilotów,Dokumentem rozpoznawczym,Meldunkiem sytuacyjnym,B,,,,,,,,,,
mcq,107,Podstawowymi dokumentami dowodzenia są?,Regulaminy i instrukcje,"Rozkaz bojowy, zarządzenie bojowe, wstępne zarządzenie bojowe",Mapy i szkice,Meldunki medyczne,B,,,,,,,,,,
mcq,108,W czasie realizacji procesu dowodzenia organizuje się odprawy?,"Informacyjne, koordynacyjne, decyzyjne",Szkoleniowe i logistyczne,Wyłącznie operacyjne,Personalne i finansowe,A,,,,,,,,,,
mcq,109,Do dokumentów sprawozdawczo-informacyjnych nie zaliczamy?,Meldunków,Sprawozdań,Rozkazów,Informacji sytuacyjnych,C,,,,,,,,,,
mcq,110,Wyróżnia się trzy rodzaje załączników do dokumentów dowodzenia?,"Pisemne, graficzne, tabelaryczne","Jawne, tajne, ściśle tajne","Operacyjne, logistyczne, medyczne","Stałe, czasowe, doraźne",A,,,,,,,,,,
mcq,111,Zarządzenie przygotowawcze jest?,Dokumentem sprawozdawczym,Dokumentem rozkazodawczym o układzie jak rozkaz bojowy,Planem logistycznym,Meldunkiem sytuacyjnym,B,,,,,,,,,,
mcq,112,Wstępne zarządzenie bojowe wydaje się gdy?,Zadanie zostało już w pełni rozpoznane,Nie ma potrzeby planowania działań,"Istnieje duże prawdopodobieństwo wykonania zadania, lecz brak pełnych danych",Operacja została zakończona,C,,,,,,,,,,
mcq,113,Układ zarządzenia bojowego jest?,Skrócony do trzech punktów,Taki sam jak rozkazu bojowego,Dowolny – zależny od dowódcy,Ograniczony do punktów „Sytuacja” i „Zadanie”,B,,,,,,,,,,
mcq,114,Proces dowodzenia to?,Jednorazowe wydanie rozkazu bojowego,Cykl informacyjno-decyzyjny realizowany na wszystkich szczeblach dowodzenia,System meldunkowy w czasie pokoju,Plan logistyczny operacji,B,,,,,,,,,,
mcq,115,Jakie fazy realizowane są w ramach procesu dowodzenia?,"Planowanie, realizacja, zakończenie","Ustalenie położenia, planowanie, stawianie zadań, kontrola","Rozpoznanie, obrona, natarcie","Organizacja, szkolenie, mobilizacja",B,,,,,,,,,,
mcq,116,W ramach której fazy procesu dowodzenia podejmowana jest decyzja dowódcy?,Kontroli,Stawiania zadań,Planowania,Ustalenia położenia,C,,,,,,,,,,
mcq,117,W ramach której fazy procesu dowodzenia opracowywany jest rozkaz bojowy?,Kontroli,Planowania,Ustalenia położenia,Realizacji,B,,,,,,,,,,
mcq,118,Właściwa kolejność etapów planowania to?,Decyzja – Ocena sytuacji – Opracowanie rozkazu – Plan działania,Ocena sytuacji – Decyzja – Opracowanie planu działania – Opracowanie rozkazu bojowego,Opracowanie planu – Ocena sytuacji – Decyzja – Rozkaz,Ocena sytuacji – Opracowanie rozkazu – Decyzja – Plan działania,B,,,,,,,,,,
mcq,119,W ramach oceny sytuacji realizuje się?,Wyłącznie analizę przeciwnika,"Pozyskiwanie i wartościowanie informacji o wojskach własnych, przeciwniku i środowisku",Opracowanie planu logistycznego,Kontrolę wykonania zadania,B,,,,,,,,,,
mcq,120,Czynnością realizowaną w ramach oceny sytuacji nie jest?,Porównywanie informacji,Wartościowanie danych,Opracowanie rozkazu bojowego,Zobrazowanie informacji,C,,,,,,,,,,
mcq,121,Wstępne zarządzenie bojowe można wydać?,Przed rozpoczęciem oceny sytuacji,"Po podjęciu decyzji, przed opracowaniem planu działania",Po zakończeniu kontroli,Wyłącznie po wydaniu rozkazu bojowego,B,,,,,,,,,,
mcq,122,Ustalenie położenia ma na celu?,Wydanie rozkazu bojowego,Stworzenie przejrzystego obrazu sytuacji dla podjęcia decyzji,Kontrolę realizacji zadania,Sporządzenie meldunku logistycznego,B,,,,,,,,,,
mcq,123,Pierwszą czynnością fazy planowania (etap oceny sytuacji) jest?,Opracowanie rozkazu bojowego,Analiza zadania,Wydanie zarządzenia bojowego,Kontrola wykonania,B,,,,,,,,,,
mcq,124,Analiza zadania powinna określać?,Wyłącznie cel zadania,"Cel, zakres, zasoby, czas, ryzyko, warunki i reakcje przeciwnika",Jedynie zadania podległych jednostek,Tylko czas realizacji,B,,,,,,,,,,
mcq,125,Prawidłowe grupy czynników poddawane ocenie to?,"Ocena przeciwnika, wojsk własnych i środowiska",Ocena logistyki i finansów,Ocena morale i dyscypliny,Ocena uzbrojenia wyłącznie,A,,,,,,,,,,
mcq,126,W ramach oceny środowiska nie ocenia się?,Warunków terenowych,Warunków atmosferycznych,Ludności i czasu,Stanu uzbrojenia przeciwnika,D,,,,,,,,,,
mcq,127,Decyzja dowódcy to?,Meldunek sytuacyjny,Plan logistyczny,Postanowienie lub rozkaz określający sposób działania,Sprawozdanie z realizacji zadania,C,,,,,,,,,,
mcq,128,Ostatnią fazą procesu dowodzenia jest?,Planowanie,Ustalenie położenia,Stawianie zadań,Kontrola,D,,,,,,,,,,
mcq,129,Izolowany personel wojskowy to?,Żołnierze wykonujący zadania patrolowe poza rejonem odpowiedzialności,"Żołnierze, którzy znaleźli się w sytuacji odcięcia od własnych sił lub uwięzieni na terenie wroga",Każdy żołnierz przebywający poza jednostką wojskową,Żołnierze czasowo pozbawieni łączności radiowej,B,,,,,,,,,,
mcq,130,Czy SERE to?,System ewakuacji rannych z pola walki,"Program szkoleniowy obejmujący przetrwanie, unikanie, opór i ucieczkę",Rodzaj szkolenia strzeleckiego,Procedura reagowania kryzysowego,B,,,,,,,,,,
mcq,131,Kto podlega przeszkoleniu w zakresie SERE poziomu A?,Wyłącznie piloci i załogi statków powietrznych,Personel misji zagranicznych,Żołnierze Sił Zbrojnych,Tylko Wojska Specjalne,C,,,,,,,,,,
mcq,132,"Do jakiej litery w akronimie PLWF (Protection, Location, Water, Food) zaliczymy ogień?",P,L,W,F,D,,,,,,,,,,
mcq,133,Podstawowym narzędziem do rozpalania ognia w szkoleniu SERE jest?,Zapałki,Zapalniczka gazowa,Krzesiwo,Świeca,C,,,,,,,,,,
mcq,134,O czym mówi metoda „traffic lights” w szkoleniu SERE?,O sposobach sygnalizacji świetlnej w terenie zurbanizowanym,O zasadach postępowania w zależności od sytuacji,O metodach maskowania ognia,O systemie alarmowym w bazie,B,,,,,,,,,,
mcq,135,Jaka substancja nie przyda się do uzdatniania wody metodą chemiczną?,Chlor,Jod,Tabletki dezynfekcyjne,Benzyna,D,,,,,,,,,,
mcq,136,W szkoleniu SERE legenda ma na celu?,Przekazanie uczestnikom wiedzy i umiejętności poprzez realistyczne tło sytuacyjne,Sporządzenie raportu końcowego,Opracowanie planu logistycznego,Ustalenie struktury dowodzenia,A,,,,,,,,,,
mcq,137,Kto powinien przejść szkolenie poziomu B w zakresie SERE?,Wszyscy żołnierze bez wyjątku,Personel wyznaczony do misji poza granicami kraju,Wyłącznie dowódcy brygad,Tylko piloci,B,,,,,,,,,,
mcq,138,Szkoleniem SERE poziomu C powinni być objęci?,Żołnierze pełniący służbę dyżurną w jednostce,Personel administracyjny,"Personel wojskowy objęty wysokim ryzykiem izolacji (np. piloci, operatorzy WS)",Każdy żołnierz po szkoleniu podstawowym,C,,,,,,,,,,
mcq,139,Jak należy rozumieć „Międzynarodowe Prawo Konfliktów Zbrojnych”?,Zespół norm mających na celu ochronę ofiar konfliktów,Zbiór przepisów regulujących wyłącznie handel bronią,System dowodzenia podczas operacji międzynarodowych,Prawo dotyczące wyłącznie państw neutralnych,A,,,,,,,,,,
mcq,140,Komu przysługuje status kombatanta?,"Żołnierzom, partyzantom, powstańcom, pospolitemu ruszeniu",Wyłącznie żołnierzom zawodowym,Każdemu obywatelowi państwa będącego w stanie wojny,Personelowi medycznemu i duchownemu,A,,,,,,,,,,
mcq,141,Pod jaką władzą znajduje się jeniec wojenny?,Organizacji humanitarnej,Państwa nieprzyjacielskiego,Organizacji Narodów Zjednoczonych,Międzynarodowego Trybunału Karnego,B,,,,,,,,,,
mcq,142,Jakie organizacje humanitarne o zasięgu międzynarodowym mogą realizować zadania w trakcie działań zbrojnych?,"Czerwony Krzyż, Czerwony Półksiężyc, Czerwony Romb",NATO i ONZ,Unia Europejska,Amnesty International wyłącznie,A,,,,,,,,,,
mcq,143,Jakie obiekty cywilne podlegają ochronie podczas działań zbrojnych?,"Szkoły, przedszkola, budynki mieszkalne, muzea, kościoły, teatry, szpitale",Wyłącznie obiekty administracji państwowej,Tylko obiekty sakralne,Obiekty wykorzystywane do celów wojskowych,A,,,,,,,,,,
mcq,144,Jakie zakazy obowiązują walczące strony wobec państw neutralnych?,Zakaz atakowania obywateli i terytorium państwa neutralnego,Obowiązek wsparcia logistycznego,Prawo do swobodnego przemarszu wojsk,Możliwość zajęcia przestrzeni powietrznej,A,,,,,,,,,,
mcq,145,Jakie środki pola walki są zakazane podczas działań zbrojnych?,"Broń chemiczna, biologiczna, miny przeciwpiechotne, trucizny",Broń strzelecka standardowa,Artyleria konwencjonalna,Pojazdy opancerzone,A,,,,,,,,,,
mcq,146,Jakie metody walki są zakazane?,Wiarołomstwo i głodzenie ludności cywilnej,Obrona własnego terytorium,Użycie środków maskowania,Manewr taktyczny,A,,,,,,,,,,
mcq,147,Jakie osoby podlegają bezwzględnej ochronie w działaniach zbrojnych?,Wyłącznie personel wojskowy,"Osoby cywilne, personel medyczny i duchowny, osoby wyłączone z walki",Każda osoba przebywająca na terytorium państwa walczącego,Wyłącznie dziennikarze,B,,,,,,,,,,
mcq,148,"Czy zmuszanie ludności cywilnej do służby wojskowej przeciwnika, deportacje, rabunek i branie zakładników podczas działań zbrojnych to?",Działania odwetowe,Środki nadzwyczajne,Zbrodnia wojenna,Dozwolone działania okupacyjne,C,,,,,,,,,,
mcq,149,Strzelanie rozpoczyna się po podniesieniu jakiego koloru chorągwi na stanowisku dowodzenia kierownika strzelania?,Białej,Zielonej,Czerwonej,Niebieskiej,C,,,,,,,,,,
mcq,150,"Przy przekazywaniu broni sobie nawzajem, kategorycznie musimy najpierw?",Zabezpieczyć broń i odłożyć magazynek,Rozładować broń i skierować lufę w bezpiecznym kierunku,Oddać strzał kontrolny,Ustawić broń na ziemi,B,,,,,,,,,,
mcq,151,Reguła „BLOS” w szkoleniu strzeleckim oznacza?,Bezpieczne ładowanie i obsługę sprzętu,"Broń, lufa, otoczenie, spust","Broń, lokalizacja, ogień, strzał","Blokada, lufa, obsługa, strzelanie",B,,,,,,,,,,
mcq,152,Kto jest odpowiedzialny za przestrzeganie warunków bezpieczeństwa na strzelnicy?,Wyłącznie kierownik strzelania,Wyłącznie dowódca pododdziału,Każdy przebywający na terenie strzelnicy,Instruktor strzelania,C,,,,,,,,,,
mcq,153,Czy dozwolona jest zmiana chwytu ręki lub przekładanie z ręki do ręki granatu uzbrojonego przed rzutem?,"Tak, w uzasadnionych przypadkach","Tak, za zgodą instruktora","Nie, jest to zabronione","Tak, jeżeli granat jest zabezpieczony",C,,,,,,,,,,
mcq,154,W celu natychmiastowego przerwania ognia kierownik strzelania podaje komendę?,„Stop ogień”,„Przerwij strzelanie”,„Zakończ ogień”,„Rozładuj broń”,B,,,,,,,,,,
mcq,155,Kto określa sposób poruszania się po strzelnicy?,Najstarszy stopniem żołnierz,Dowódca plutonu,Kierownik zajęć / strzelania,Oficer dyżurny jednostki,C,,,,,,,,,,
mcq,156,Czy dopuszczalne jest przewożenie broni załadowanej?,"Tak, zawsze","Tak, w czasie ćwiczeń taktycznych","Nie, jest to zabronione, chyba że inne przepisy stanowią inaczej","Tak, za zgodą dowódcy",C,,,,,,,,,,
mcq,157,Pierwsze czynności podczas kontaktu z bronią to?,Założenie magazynka,Oddanie strzału kontrolnego,Sprawdzenie rozładowania broni i zastosowanie zasady BLOS,Ustawienie broni w stojaku,C,,,,,,,,,,
mcq,158,Czy konieczne jest podawanie warunków bezpieczeństwa przed strzelaniem? OCHRONA ŚRODOWISKA,Tylko podczas pierwszego strzelania,Nie,"Tak, zawsze",Wyłącznie przy strzelaniu nocnym,C,,,,,,,,,,
mcq,159,Co to jest środowisko naturalne?,Zbiór zasobów mineralnych,Całokształt ożywionych i nieożywionych składników przyrody powiązanych ze sobą,Wyłącznie obszary leśne,Tereny chronione prawem,B,,,,,,,,,,
mcq,160,Przeciętne dzienne zużycie wody w Polsce na jednego mieszkańca wynosi?,80 litrów,100 litrów,140 litrów,200 litrów,C,,,,,,,,,,
mcq,161,Śmiertelna dawka ropy naftowej dla ryb na litr wody wynosi około?,"0,1 g","0,5 g",1 g,5 g,C,,,,,,,,,,
mcq,162,Podczas poruszania się pojazdami na poligonach należy?,Jechać najkrótszą trasą,Omijać tereny chronione i wykorzystywać istniejące drogi,Poruszać się wyłącznie poza drogami,Przyspieszać dynamicznie w terenie,B,,,,,,,,,,
mcq,163,Nieczystości z sanitariatów polowych należy neutralizować poprzez?,Zalanie wodą,Zakopanie bez zabezpieczenia,Dezynfekcję wapnem i przykrycie ziemią,Spalenie,C,,,,,,,,,,
mcq,164,Podczas tankowania w warunkach polowych należy?,Tankować do pełna zawsze,Używać materiałów wiążących i neutralizujących paliwa,Tankować wyłącznie nocą,Ignorować podłoże,B,,,,,,,,,,
mcq,165,Czy można ograniczyć zanieczyszczenie powietrza w jednostce wojskowej?,Nie,"Tak, poprzez utrzymanie pojazdów w dobrym stanie i niespalanie odpadów",Tylko poprzez zakaz ruchu pojazdów,Wyłącznie poprzez montaż filtrów,B,,,,,,,,,,
mcq,166,Odpady w jednostce wojskowej należy gromadzić?,W dowolnym miejscu,W wyznaczonych i oznakowanych pojemnikach,Na placu ćwiczeń,W lesie,B,,,,,,,,,,
mcq,167,Emisja hałasu pojazdów wojskowych wynosi około?,60 dB,70 dB,80 dB,100 dB,C,,,,,,,,,,
mcq,168,Natężenie dźwięku stanowiące granicę bólu to około?,100 dB,110 dB,120 dB,140 dB,C,,,,,,,,,,
mcq,169,Jaką procedurę stosuje się po zatrzymaniu pojazdu w miejscu niebezpiecznym?,5xC,9-liner,5–25,BLOS,C,,,,,,,,,,
mcq,170,Jaka jest masa ogólna miny przeciwpancernej TM–62M?,5–6 kg,"6–6,5 kg","7–7,5 kg",8–9 kg,C,,,,,,,,,,
mcq,171,Jaką procedurę stosuje się w przypadku wykrycia lub podejrzenia podłożenia IED?,5–25,5xC,MEDEVAC,CASEVAC,B,,,,,,,,,,
mcq,172,Co to jest EOD?,System wykrywania min,Pododdział do zwalczania improwizowanych urządzeń wybuchowych,Rodzaj miny przeciwpancernej,Procedura rozpoznawcza,B,,,,,,,,,,
mcq,173,Materiały wybuchowe według klasyfikacji użytkowej to?,"Stałe, ciekłe, gazowe","Inicjujące, kruszące, miotające, mieszaniny pirotechniczne",Wojskowe i cywilne,Chemiczne i biologiczne,B,,,,,,,,,,
mcq,174,Procedura 5xC to?,"Confirm, Clear, Call, Cordon, Control, Check","Confirm, Clear, Call, Cordon & Control, Check","Check, Call, Confirm, Clear, Control","Clear, Call, Control, Confirm, Check",B,,,,,,,,,,
mcq,175,Czym są materiały wybuchowe?,Substancjami radioaktywnymi,Związkami chemicznymi lub ich mieszaninami zdolnymi do gwałtownej reakcji,Wyłącznie materiałami wojskowymi,Substancjami palnymi,B,,,,,,,,,,
mcq,176,Gdzie stosujemy materiały wybuchowe inicjujące?,W ładunkach burzących dużej mocy,"W zapalnikach, spłonkach i amunicji",W materiałach budowlanych,W granatach dymnych,B,,,,,,,,,,
mcq,177,Co to jest IED?,Standardowy ładunek wojskowy,Improwizowany ładunek wybuchowy,Mina przeciwpiechotna,Zapalnik elektryczny,B,,,,,,,,,,
mcq,178,Co oznacza „Control” w procedurze 5xC?,Potwierdź,Oczyść,Zadzwoń,Blokuj i kontroluj,D,,,,,,,,,,
mcq,179,Do „Zabójcy pola walki” nie należą?,Masywne krwotoki,Odma płucna,Oparzenia,Złamania kończyn,C,,,,,,,,,,
mcq,180,Do objawów obstrukcji dróg oddechowych nie należy?,Utrata przytomności,Bełkotanie,Bulgotanie,Niewyczuwalny oddech,B,,,,,,,,,,
mcq,181,Kiedy krwotok nie zagraża życiu?,Pulsujący wypływ krwi,Czynny krwotok ustał na skutek wejścia pacjenta we wstrząs,Brak przecieku przez opatrunek,Masywny krwotok niezaopatrzony,C,,,,,,,,,,
mcq,182,Do objawów odmy opłucnowej nie należy?,Spłycony oddech,Bladość/sinica,Prawidłowa akcja serca,Zapadnięte płuco,C,,,,,,,,,,
mcq,183,Do czynników determinujących jakość zabezpieczenia medycznego nie należy?,Standard udzielanej pomocy,Ciągłość opieki medycznej,Ciągłość działań operacyjnych,Szybkość udzielenia pomocy,C,,,,,,,,,,
mcq,184,Czego nie dotyczy zasada 10-1-2?,Pierwsze 10 minut dla ratowania życia,Dwie osoby ratujące,Resuscytacja urazowa do 1 godziny,Chirurgia ratunkowa do 2 godzin,B,,,,,,,,,,
mcq,185,Do rodzajów pomocy medycznej nie należy?,Pierwsza pomoc,Pomoc laryngologiczna,Kwalifikowana pomoc medyczna,Rozszerzona pierwsza pomoc,B,,,,,,,,,,
mcq,186,Do zapasów materiałowych nie należy?,Broń,Sprzęt medyczny,Środki opatrunkowe,Zestawy chirurgiczne,A,,,,,,,,,,
mcq,187,Działania w przypadku hipotermii nie obejmują?,Zapobiegania dalszemu spadkowi temperatury,Stopniowego ogrzewania,Szybkiego schłodzenia poszkodowanego,Umieszczenia w wodoodpornym śpiworze,C,,,,,,,,,,
mcq,188,Uraz czaszkowo-mózgowy nie jest prowadzony pod kątem?,Szerokości i reakcji źrenic,SBP ≤ 90 mmHg,Hipotermii,Pęknięcia podstawy czaszki,C,,,,,,,,,,
mcq,189,Do zasadniczych zadań zabezpieczenia inżynieryjnego nie należy?,Rozpoznanie inżynieryjne,Zakładanie zapór inżynieryjnych,Rozśrodkowanie wojsk,Budowa i utrzymanie dróg,C,,,,,,,,,,
mcq,190,Jakie powinno być maskowanie?,Jednorazowe i doraźne,"Aktywne, ciągłe, wiarygodne, różnorodne",Wyłącznie pasywne,Widoczne dla wojsk własnych,B,,,,,,,,,,
mcq,191,Jakie wyróżniamy sposoby ustawiania pól minowych?,"Ręczny, lotniczy, morski","Narzutowy, ręczny, mechaniczny",Tylko ręczny,Mechaniczny i zdalny,B,,,,,,,,,,
mcq,192,Mechaniczny sposób wykonania przejścia w polu minowym polega na?,Wykopywaniu min ręcznie,Wysadzaniu całego pola minowego,Trałowaniu przejść trałami naciskowymi i wykopowymi,Oznaczaniu min chorągiewkami,C,,,,,,,,,,
mcq,193,Ze względu na przeznaczenie miny dzielą się na?,Lądowe i morskie,Ofensywne i defensywne,"Przeciwpiechotne, przeciwpancerne, morskie, inżynieryjne i specjalne",Stałe i czasowe,C,,,,,,,,,,
mcq,194,Wojska inżynieryjne wchodzące w skład Wojsk Lądowych zorganizowane są w?,Wyłącznie bataliony,"Pułki, bataliony, kompanie i pododdziały specjalistyczne",Dywizje inżynieryjne,Wyłącznie kompanie,B,,,,,,,,,,
mcq,195,Do zadań bezpośredniego wsparcia inżynieryjnego należy?,Wyłącznie budowa schronów,"Rozpoznanie inżynieryjne, likwidacja przeszkód, budowa dróg i przepraw",Tylko zakładanie pól minowych,Dowodzenie operacyjne,B,,,,,,,,,,
mcq,196,Zapory inżynieryjne powinny?,Być widoczne i łatwe do usunięcia,"Być skuteczne, trwałe, dostosowane do terenu i zamaskowane",Być rozmieszczone przypadkowo,Być wyłącznie przeciwpiechotne,B,,,,,,,,,,
mcq,197,Na jaką komendę żołnierze zapalają lont prochowy zapalnika lontowego?,„Ogień!”,„Przygotować!”,„Wysadzać!”,„Zapalić!”,C,,,,,,,,,,
mcq,198,Jakie jest przeznaczenie lontu prochowego?,Do detonacji elektrycznej,Do przenoszenia ognia do spłonki pobudzającej i ładunku MW,Do oznaczania ładunku wybuchowego,Do inicjowania zapalników elektronicznych,B,,,,,,,,,,
mcq,199,"Jakie akty prawa regulują zasady wyróżniania żołnierzy i byłych żołnierzy oraz pododdziałów, oddziałów i instytucji wojskowych?",Wyłącznie regulaminy wewnętrzne,Ustawa oraz akty wykonawcze,Decyzje dowódcy jednostki,Kodeks karny,B,,,,,,,,,,
mcq,200,Jakie akty prawa regulują zasady i sposoby reagowania na naruszenia dyscypliny wojskowej oraz ponoszenia odpowiedzialności dyscyplinarnej?,Wyłącznie rozkazy dzienne,Ustawa oraz akty wykonawcze,Kodeks cywilny,Regulamin musztry,B,,,,,,,,,,
mcq,201,Kto jest zobowiązany do kształtowania dyscypliny wojskowej żołnierzy przez działania profilaktyczno-wychowawcze?,Każdy żołnierz indywidualnie,Przełożony,Oficer dyżurny,Szef sztabu,B,,,,,,,,,,
mcq,202,Kto jest zobowiązany do tworzenia warunków do wyróżniania i przestrzegania dyscypliny wojskowej oraz reagowania na jej naruszenia?,Dowódca drużyny wyłącznie,Przełożony,Minister Obrony Narodowej wyłącznie,Sąd wojskowy,B,,,,,,,,,,
mcq,203,Za jaki czyn żołnierz ponosi odpowiedzialność dyscyplinarną?,Za każde wykroczenie cywilne,Za popełnienie przewinienia dyscyplinarnego,Wyłącznie za przestępstwo wojskowe,Za niewykonanie polecenia kolegi,B,,,,,,,,,,
mcq,204,Co to jest dyscyplina wojskowa?,Wyłącznie wykonywanie rozkazów,Przestrzeganie przepisów prawa dotyczących służby wojskowej oraz wykonywanie rozkazów i decyzji służbowych,Zasady zachowania w koszarach,Regulamin musztry,B,,,,,,,,,,
mcq,205,Kto jest przełożonym dyscyplinarnym w Wojsku Polskim w stosunku do wszystkich żołnierzy?,Szef Sztabu Generalnego,Dowódca Generalny RSZ,Minister Obrony Narodowej i Naczelny Dowódca Sił Zbrojnych,Prezydent RP wyłącznie,C,,,,,,,,,,
mcq,206,Karami dyscyplinarnymi nie są?,Upomnienie,Nagana,Zobowiązanie do przeproszenia pokrzywdzonego,Ostrzeżenie o niepełnej przydatności do służby,C,,,,,,,,,,
mcq,207,Środkami dyscyplinarnymi nie są?,Zobowiązanie do przeproszenia pokrzywdzonego,Niedopuszczenie do wykonywania czynności służbowych,Zobowiązanie do wykonania dodatkowych zadań,Ostrzeżenie,B,,,,,,,,,,
mcq,208,Dyscyplinarnymi środkami zapobiegawczymi nie są?,Niedopuszczenie do wykonywania czynności służbowych,Odsunięcie od wykonywania obowiązków,Zobowiązanie do przeproszenia pokrzywdzonego,Zakaz opuszczania określonego miejsca,C,,,,,,,,,,
mcq,209,"Autorzy „Kodeksu Honorowego żołnierza zawodowego Wojska Polskiego”, jako wykładnię jego treści przyjęli zasady z etyki wojskowej jak i etyki walki zbrojnej, należących do?",Jednej z najstarszych etyk specjalnych,Etyki administracyjnej,Etyki zawodów medycznych,Etyki prawa cywilnego,A,,,,,,,,,,
mcq,210,Czy w „Kodeksie Honorowym żołnierza zawodowego Wojska Polskiego” podstawy powinności żołnierskich określają?,Regulaminy wewnętrzne jednostek,Konstytucja RP i ustawa o służbie wojskowej żołnierzy zawodowych,Wyłącznie rozkazy dowódców,Kodeks pracy,B,,,,,,,,,,
mcq,211,"Kto jest autorem przedwojennej broszury „Oficer polski”, której lekturę zaleca się dowódcom?",Józef Piłsudski,Władysław Sikorski,Tadeusz Hołówko,Marian Kukiel,C,,,,,,,,,,
mcq,212,"Jak brzmi nazwa przedwojennego dokumentu Szkoły Podchorążych Lotnictwa (SPL), swoistego zapisu kodeksu honorowego podchorążych?",„Regulamin Podchorążego”,„12 Przykazań Podchorążego”,„Kodeks Młodego Oficera”,„Zasady Podchorążego Lotnictwa”,B,,,,,,,,,,
mcq,213,Jak brzmi tytuł kodeksu przyjętego w 1990 roku przez społeczność podchorążych uczelni w Dęblinie?,„Kodeks Etyczny Podchorążych Lotnictwa”,„Kodeks Honorowy Podchorążych Szkoły Orląt”,„Regulamin Podchorążego Dęblińskiego”,„Zasady Postępowania Podchorążego”,B,,,,,,,,,,
mcq,214,Wyjątkowy charakter działań zbrojnych nakłada na żołnierzy bezwzględny obowiązek?,Bezwzględnego wykonywania każdego rozkazu,Powstrzymywania się od łamania zasad etycznych i prawa humanitarnego,Dążenia do zwycięstwa za wszelką cenę,Osiągania maksymalnych efektów bojowych,B,,,,,,,,,,
mcq,215,Podstawowym celem etyki walki zbrojnej jest?,Zwiększenie skuteczności bojowej,Kształtowanie wartości moralnych i powstrzymywanie od zbrodni,Doskonalenie taktyki,Wzrost dyscypliny formalnej,B,,,,,,,,,,
mcq,216,W którym rozdziale „Kodeksu Honorowego żołnierza zawodowego WP” ujęto zapisy dotyczące przestrzegania prawa humanitarnego?,„Postępowanie w sprawach honorowych”,„Żołnierz zawodowy w sytuacjach bojowych”,„Obowiązki służbowe”,„Odpowiedzialność dyscyplinarna”,B,,,,,,,,,,
mcq,217,W dzielnym postępowaniu na polu walki żołnierz winien kierować się?,Wyłącznie skutecznością działania,Wyłącznie odwagą fizyczną,Wszystkimi wyżej wymienionymi zasadami moralnymi i etycznymi,Wyłącznie lojalnością wobec przełożonego,C,,,,,,,,,,
mcq,218,Czy w „Kodeksie Honorowym żołnierza zawodowego WP” przyjęto zasady postępowania w sprawach naruszenia honoru i godności?,Nie,"Tak, w rozdziale „Postępowanie w sprawach honorowych”","Tak, w regulaminie dyscyplinarnym",Wyłącznie w ustawie,B,,,,,,,,,,
mcq,219,Tebańczycy dowodzeni przez Epaminondasa pokonali Spartan pod Leuktrami dzięki?,Przewadze liczebnej,Zastosowaniu falangi macedońskiej,Użyciu artylerii oblężniczej,"Zaskoczeniu, szykowi skośnemu i koncentracji sił na jednym skrzydle",D,,,,,,,,,,
mcq,220,„Manewr kanneński” Hannibala był możliwy dzięki?,"Zastosowaniu zaskoczenia, manewru i okrążenia przeciwnika przy mniejszych siłach",Przewadze liczebnej,Użyciu wojsk najemnych bez kawalerii,Obronie pozycyjnej,A,,,,,,,,,,
mcq,221,O zwycięstwie pod Kircholmem w 1605 r. zdecydowało?,Przewaga artylerii,Obrona pozycyjna,Wsparcie floty,"Ekonomia sił, zaskoczenie i manewr husarii",D,,,,,,,,,,
mcq,222,Stare urządzenie polskie to?,System fortyfikacji,Szyk bojowy piechoty,System artyleryjski,Szyk bojowy jazdy polskiej XV–XVI w.,D,,,,,,,,,,
mcq,223,Uderzenie wojsk polskich 16 sierpnia 1920 r. nastąpiło znad?,Wieprza,Bugu,Narwi,Wisły,A,,,,,,,,,,
mcq,224,W wojnie 1919–1920 polskie lotnictwo liczyło?,10 eskadr,15 eskadr,18 eskadr,20 eskadr,D,,,,,,,,,,
mcq,225,W 1926 r. sformowano eskadry lotnictwa?,Bombowego,Myśliwskiego,Transportowego,Towarzyszącego,D,,,,,,,,,,
mcq,226,„Rój” w regulaminie lotnictwa z 1931 r. liczył?,4–9 samolotów,2–3 samoloty,10–15 samolotów,20 samolotów,A,,,,,,,,,,
mcq,227,Polskie Siły Powietrzne na Zachodzie (1943–1945) posiadały około?,150 samolotów,200 samolotów,250 samolotów,300 samolotów,D,,,,,,,,,,
mcq,228,Najdłużej eksploatowanym samolotem w polskim szkolnictwie lotniczym był?,TS-8 „Bies”,PZL-130 „Orlik”,Lim-2,TS-11 „Iskra”,D,,,,,,,,,,
mcq,229,Podstawowy akt prawny normujący ochronę informacji niejawnych w RP to?,Kodeks karny,Ustawa z 5 sierpnia 2010 r. o ochronie informacji niejawnych,Ustawa o ABW,Konstytucja RP,B,,,,,,,,,,
mcq,230,Przepisy ustawy o ochronie informacji niejawnych nie mają zastosowania do?,Informacji krajowych,Informacji wojskowych,"Informacji obcych państw, jeśli umowy międzynarodowe stanowią inaczej",Informacji „Zastrzeżonych”,C,,,,,,,,,,
mcq,231,Funkcję krajowej władzy bezpieczeństwa (NSA) pełni?,Minister Obrony Narodowej,Szef SKW,Szef ABW,Prezes Rady Ministrów,C,,,,,,,,,,
mcq,232,Klauzulę tajności dokumentu nadaje?,Pełnomocnik ochrony,Szef ABW,"Osoba lub organ, który dokument wytworzył",Kierownik kancelarii tajnej,C,,,,,,,,,,
mcq,233,Za ochronę informacji niejawnych w jednostce odpowiada?,Dowódca jednostki,Pełnomocnik ds. ochrony informacji niejawnych,Szef sztabu,Oficer dyżurny,B,,,,,,,,,,
mcq,234,Dostęp do informacji „ZASTRZEŻONE” następuje po?,Postępowaniu sprawdzającym pełnym,Poświadczeniu bezpieczeństwa,Szkoleniu i podpisaniu oświadczenia o zachowaniu tajemnicy,Decyzji dowódcy,C,,,,,,,,,,
mcq,235,"Kancelarię Tajną tworzy się, gdy przetwarzane są informacje o klauzuli?",Zastrzeżone,Poufne,Tajne lub Ściśle tajne,Każdej klauzuli,C,,,,,,,,,,
mcq,236,"Akredytację bezpieczeństwa teleinformatycznego dla systemów „POUFNE”, „TAJNE”, „ŚCIŚLE TAJNE” udziela?",MON,ABW lub SKW,Policja,NATO,B,,,,,,,,,,
mcq,237,Odpowiednikiem NATO „Restricted” (EU: RESTREINT UE) w Polsce jest?,Zastrzeżone,Poufne,Tajne,Ściśle tajne,A,,,,,,,,,,
mcq,238,Odpowiednikiem NATO „Confidential” (EU: CONFIDENTIEL UE) w Polsce jest?,Zastrzeżone,Poufne,Tajne,Ściśle tajne,B,,,,,,,,,,
mcq,239,Odpowiednikiem NATO „Secret” (EU: SECRET UE) w Polsce jest?,Poufne,Tajne,Ściśle tajne,Zastrzeżone,B,,,,,,,,,,
mcq,240,Odpowiednikiem NATO „Top Secret” (EU: TRES SECRET UE / EU TOP SECRET) w Polsce jest?,Tajne,Poufne,Ściśle tajne,Zastrzeżone,C,,,,,,,,,,
mcq,241,Zestawienie zadań mobilizacyjnych obejmuje?,Stan uzbrojenia i wyposażenia,"Czas mobilizacji, numer etatu, podporządkowanie",Skład osobowy dowództwa,Wyłącznie czas mobilizacji,B,,,,,,,,,,
mcq,242,Siły Wysokiej Gotowości obejmują następującą liczbę kategorii gotowości?,4,6,8,10,C,,,,,,,,,,
mcq,243,Gotowość do przyjęcia Sojuszniczych Sił Wzmocnienia utrzymuje się najwcześniej w?,Podwyższonej gotowości bojowej,Pełnej gotowości bojowej,Stałej gotowości bojowej SZ RP,Czasie wojny,C,,,,,,,,,,
mcq,244,Strukturę etatowych potrzeb mobilizacyjnych tworzą?,Uzupełnienie zasadnicze z uwzględnieniem wydzielonych i otrzymanych zalążków,Wyłącznie rezerwiści,Personel zawodowy,Administracja publiczna,A,,,,,,,,,,
mcq,245,Jednostki wojskowe o czasie mobilizacji M-3 realizują uzupełnienie zasadnicze w?,Pierwszej dobie rozwinięcia,Drugiej dobie mobilizacyjnego rozwinięcia,Trzeciej dobie,Po 72 godzinach,B,,,,,,,,,,
mcq,246,Dyżurna Służba Operacyjna związku taktycznego (skrzydło) zaszeregowana jest do?,Grupy 1,Grupy 2,Grupy 3,Grupy 4,B,,,,,,,,,,
mcq,247,Struktura ponadetatowych potrzeb mobilizacyjnych obejmuje?,Grupę zabezpieczenia ukompletowania,Wyłącznie rezerwy osobowe,Wyłącznie sprzęt rezerwowy,Jednostki szkolne,A,,,,,,,,,,
mcq,248,Decyzję o wprowadzeniu określonego stanu gotowości bojowej w SZ RP wydaje?,Prezydent RP,Szef Sztabu Generalnego,Minister Obrony Narodowej,Dowódca Generalny RSZ,C,,,,,,,,,,
mcq,249,Zasadniczy tryb powołania uzupełnień mobilizacyjnych realizowany jest siłami?,Policji,"AK i AP (Akcja Kurierska, Administracja Publiczna)",Dowództwa jednostki,Żandarmerii Wojskowej,B,,,,,,,,,,
mcq,250,Dyżury bojowe i ratownicze w SZ RP pełni się?,Wyłącznie w czasie wojny,W podwyższonej gotowości,W każdym stanie gotowości bojowej,Tylko w stanie kryzysu,C,,,,,,,,,,
mcq,251,Nabój pistoletowy składa się z?,Pocisku i łuski,"Pocisku, łuski, ładunku miotającego i spłonki",Pocisku i spłonki,Łuski i prochu,B,,,,,,,,,,
mcq,252,Rodzaj ładunku kruszącego w granacie F-1?,Heksogen,Trotyl,Plastyczny materiał wybuchowy,Amonal,B,,,,,,,,,,
mcq,253,Waga ładunku kruszącego w granacie RG-42 wynosi?,90 g,100 g,120 g,150 g,C,,,,,,,,,,
mcq,254,Czas zwłoki zapalnika UZRGM wynosi?,1–2 s,2–3 s,"3,2–4 s",5–6 s,C,,,,,,,,,,
mcq,255,Jednostka ognia w pistolecie P-83 wynosi?,8 naboi,15 naboi,16 naboi,32 naboje,C,,,,,,,,,,
mcq,256,Skrót UZRGM oznacza?,Uniwersalny zapalnik ręczny granatowy,Uniwersalny zapalnik ręcznych granatów modernizowany,Ujednolicony zapalnik ręczny granatu metalowego,Uniwersalny zapalnik ręcznych granatów wojskowych,B,,,,,,,,,,
mcq,257,Jaką amunicję stosuje się w pistolecie P-83?,9x19 mm,"7,62 mm",9x18 mm Makarow,"5,56 mm",C,,,,,,,,,,
mcq,258,Długość lufy pistoletu Vis 100 wynosi?,95 mm,100 mm,110 mm,120 mm,C,,,,,,,,,,
mcq,259,Pojemność magazynka pistoletu Vis 100 wynosi?,10 naboi,15 naboi,17 naboi (z możliwością zmniejszenia do 15),20 naboi,C,,,,,,,,,,
mcq,260,Jaki jest kaliber karabinka GROT?,"7,62 mm","5,45 mm","5,56 mm (oraz wersja 7,62 mm)",9 mm,C,,,,,,,,,,
mcq,261,Kogo wyznacza się do przestrzeliwania karabinu wyborowego?,Dowódcę drużyny,Instruktora strzelania,"Żołnierza, któremu broń została przydzielona",Najstarszego stopniem żołnierza,C,,,,,,,,,,
mcq,262,Od czego zależy tor lotu pocisku?,Wyłącznie od masy pocisku,Od kąta nachylenia i prędkości początkowej pocisku,Od koloru amunicji,Od rodzaju magazynka,B,,,,,,,,,,
mcq,263,Kto odpowiada za przestrzeganie zasad bezpieczeństwa podczas szkolenia strzeleckiego i rzutu granatem?,Wyłącznie kierownik strzelania,Dowódca jednostki,Każdy żołnierz,Instruktor granatów,C,,,,,,,,,,
mcq,264,Cztery zasady bezpiecznego posługiwania się bronią to?,"Broń, Lufa, Otoczenie, Spust (BLOS)","Broń, Ogień, Ładowanie, Strzał","Lufa, Ogień, Spust, Cel","Spust, Cel, Broń, Otoczenie",A,,,,,,,,,,
mcq,265,Co oznacza skrót PSBS?,Program Szkolenia Bojowego Strzelców,Program Strzelań z Broni Strzeleckiej,Podstawowe Szkolenie Bojowe Strzeleckie,Procedury Strzelania z Broni Służbowej,B,,,,,,,,,,
mcq,266,Czy zapalniki UZRGM oraz granaty F-1 i RG-42 mogą być przewożone razem w jednej skrzyni?,Tak,"Tak, pod nadzorem",Nie,Tylko w czasie wojny,C,,,,,,,,,,
mcq,267,Co musi mieć żołnierz założone po komendzie „Uwaga strzelanie”?,Hełm,Rękawice,Ochronniki słuchu i okulary ochronne,Kamizelkę taktyczną,C,,,,,,,,,,
mcq,268,Jakiego koloru chorągiew i światło w nocy oznaczają możliwość strzelania?,Zielona,Biała,Czerwona,Niebieska,C,,,,,,,,,,
mcq,269,Ile wynosi promień rażenia granatu F-1?,50 m,100 m,150 m,200 m,D,,,,,,,,,,
mcq,270,Radiostacja składa się z?,Anteny i zasilacza,"Zespołu nadawczo-odbiorczego, anteny i zasilacza akumulatorowego",Wyłącznie nadajnika,Odbiornika i mikrofonu,B,,,,,,,,,,
mcq,271,Czy łączność przewodowa jest podstawowym rodzajem łączności w pododdziale?,Tak,Nie – podstawową jest łączność radiowa,"Tak, w czasie pokoju",Tylko w działaniach obronnych,B,,,,,,,,,,
mcq,272,Kiedy łączność radiową uznajemy za nawiązaną?,Po włączeniu radiostacji,"Po wywołaniu, sprawdzeniu łączności i tożsamości",Po ustawieniu anteny,Po potwierdzeniu sygnału,B,,,,,,,,,,
mcq,273,Sieć radiowa to?,Zespół anten,Sposób organizacji łączności między trzema i więcej korespondentami,Jedna radiostacja z zapasem baterii,System satelitarny,B,,,,,,,,,,
mcq,274,W radiostacji R-3501 stosuje się anteny?,Wyłącznie krótką,Tylko taśmową,"Taśmową (0,9 m) i krótką (0,45 m)",Satelitarną,C,,,,,,,,,,
mcq,275,Jakie zjawisko wykorzystywane jest w dalekosiężnej łączności HF?,Załamanie światła,Odbicie fali od jonosfery,Fale ultradźwiękowe,Fale podczerwone,B,,,,,,,,,,
mcq,276,Czułość odbiornika radiokomunikacyjnego określana jest w?,Watach,Hercach,Decybelomikrowoltach (dBµV),Metrach,C,,,,,,,,,,
mcq,277,Istota łączności simpleksowej polega na?,Jednoczesnej transmisji w obu kierunkach,Transmisji naprzemiennej,Transmisji tylko w jednym kierunku w danym momencie,Łączności szyfrowanej,C,,,,,,,,,,
mcq,278,Od czego zależy zasięg łączności radiowej VHF?,Wyłącznie od częstotliwości,"Od mocy nadawania, wysokości anteny i warunków terenowych",Od koloru anteny,Od rodzaju mikrofonu,B,,,,,,,,,,
mcq,279,Zaletą łączności przewodowej jest?,Duży zasięg bez przewodów,Stabilność i niezawodność połączenia,Łatwość wykrycia,Wysoka podatność na zakłócenia,B,,,,,,,,,,
mcq,280,Kto jest przełożonym wszystkich żołnierzy?,Wyłącznie Prezydent RP,"Prezydent RP, Prezes Rady Ministrów, Minister Obrony Narodowej",Szef Sztabu Generalnego,Dowódca Generalny RSZ,B,,,,,,,,,,
mcq,281,Komu Dyżurny pododdziału melduje fakt zdania i objęcia służby?,Wyłącznie dowódcy pododdziału,Dowódcy pododdziału i oficerowi dyżurnemu jednostki,Szefowi sztabu,Najstarszemu podoficerowi,B,,,,,,,,,,
mcq,282,Wskaż poprawną formę meldunku podczas pierwszego przybycia przełożonego w danym dniu?,"„Panie…, kompania w gotowości.”","„Kompania, Baczność! Panie…, dyżurny kompanii melduje…”","„Panie…, wszystko w porządku.”",„Kompania gotowa do raportu.”,B,,,,,,,,,,
mcq,283,Meldunku nie składa się w czasie?,Apelu,Służby wartowniczej,"Akademii, zebrań i seansów",Odprawy,C,,,,,,,,,,
mcq,284,W wąskim przejściu żołnierz podaje komendę?,„Uwaga!”,„Baczność!”,„Przejście”,„Wolna droga”,C,,,,,,,,,,
mcq,285,Dozwolona długość paznokci to?,1 mm,2 mm poza opuszki palców,3 mm,Dowolna długość,B,,,,,,,,,,
mcq,286,Kto jest organizatorem apelu na szczeblu kompanii?,Dowódca batalionu,Szef pododdziału lub wyznaczony żołnierz,Oficer dyżurny,Dowódca plutonu,B,,,,,,,,,,
mcq,287,Maksymalny czas przepustki jednorazowej wydanej przez dowódcę plutonu to?,12 h,24 h,36 h,48 h,B,,,,,,,,,,
mcq,288,Posterunki wartownicze dzieli się na?,Stałe i ruchome,Zewnętrzne i wewnętrzne,"Całodobowe, okresowe i doraźne",Wszystkie powyższe,D,,,,,,,,,,
mcq,289,Za ochronę informacji niejawnych odpowiada?,Dowódca jednostki,Pełnomocnik ochrony,Każdy żołnierz,Oficer dyżurny,C,,,,,,,,,,
mcq,290,Z czego składa się „Komenda” podczas zajęć z musztry?,Z zapowiedzi i hasła,Z rozkazu i meldunku,Z polecenia i potwierdzenia,Z sygnału i odpowiedzi,A,,,,,,,,,,
mcq,291,Długość kroku defiladowego to?,50–60 cm,60–80 cm,70–90 cm,80–100 cm,B,,,,,,,,,,
mcq,292,Długość kroku zwykłego to?,50–60 cm,60–70 cm,70–80 cm,80 cm,B,,,,,,,,,,
mcq,293,Tempo kroku defiladowego wynosi?,100–110 kroków/min,110–120 kroków/min,112–116 kroków/min,120–130 kroków/min,C,,,,,,,,,,
mcq,294,W ugrupowaniu rozwiniętym pluton występuje w szyku?,W rzędzie,"W szeregu, dwuszeregu i trójszeregu",W kolumnie czwórkowej,W kolumnie marszowej,B,,,,,,,,,,
mcq,295,W ugrupowaniu marszowym pluton występuje w szyku?,W szeregu,W rzędzie i kolumnie dwójkowej,"W rzędzie oraz kolumnie dwójkowej, trójkowej i czwórkowej",Wyłącznie w kolumnie dwójkowej,C,,,,,,,,,,
mcq,296,W ugrupowaniu rozwiniętym drużyna występuje w szyku?,W szeregu i dwuszeregu,W kolumnie dwójkowej,W rzędzie,W trójszeregu,A,,,,,,,,,,
mcq,297,W ugrupowaniu marszowym drużyna występuje w szyku?,W szeregu,W rzędzie i kolumnie dwójkowej,W kolumnie czwórkowej,W trójszeregu,B,,,,,,,,,,
mcq,298,Na czym polega odstępowanie?,Na skróceniu szyku,Na zwiększeniu odstępów między żołnierzami,Na zmianie kierunku marszu,Na przejściu do kolumny,B,,,,,,,,,,
mcq,299,Z dwuszeregu w kolumnę czwórkową przechodzi się na komendę?,„W czwórki – marsz”,„W czwórki – w prawo zwrot”,„Kolumna czwórkowa – zbiórka”,„Czwórkami – naprzód”,B,,,,,,,,,,
mcq,300,Kto decyduje o udziale wojskowej asysty honorowej w uroczystościach państwowych?,Prezydent RP,Szef Sztabu Generalnego,Minister Obrony Narodowej,Dowódca garnizonu,C,,,,,,,,,,
mcq,301,Kto odpowiada za organizację i przebieg uroczystości z udziałem wojskowej asysty honorowej?,Dowódca pododdziału,Organizator uroczystości,MON,Oficer dyżurny,B,,,,,,,,,,
mcq,302,"Jeżeli uroczystość przewiduje składanie wieńców lub wiązanek, jaki sygnał należy odegrać?",„Marsz generalski”,„Słuchajcie wszyscy”,"„Śpij, Kolego” (ewentualnie „Cisza”)",„Hasło Wojska Polskiego”,C,,,,,,,,,,
mcq,303,Do uroczystości państwowych należą?,Święto Wojska Polskiego,Narodowy Dzień Pamięci Żołnierzy Wyklętych,Święto Narodowe 3 Maja i Narodowe Święto Niepodległości,Dzień Flagi RP,C,,,,,,,,,,
mcq,304,Do uroczystości wojskowych należą?,Wyłącznie święta państwowe,"Święto Wojska Polskiego, Narodowy Dzień Zwycięstwa, Dzień Pamięci Żołnierzy Wyklętych",Wyłącznie święta religijne,Wyłącznie rocznice lokalne,B,,,,,,,,,,
mcq,305,Podczas podchodzenia do składania meldunku odgrywany jest sygnał?,„Marsz generalski”,„Hasło WP”,„Słuchajcie wszyscy”,„Cisza”,C,,,,,,,,,,
mcq,306,Podczas przeglądu pododdziałów odgrywany jest sygnał?,"„Śpij, Kolego”",„Marsz generalski”,„Słuchajcie wszyscy”,„Cisza”,B,,,,,,,,,,
mcq,307,Czy w uroczystościach z udziałem wojskowej asysty honorowej mogą brać udział sztandary organizacji pozarządowych i szkół?,Tak,"Tak, za zgodą dowódcy",Nie,Wyłącznie w święta państwowe,C,,,,,,,,,,
mcq,308,Czy funkcjonariusze innych służb mogą wspólnie z żołnierzami pełnić wartę honorową?,Tak,Nie,Tylko podczas świąt państwowych,Tylko za zgodą MON,B,,,,,,,,,,
mcq,309,Co należy odegrać na zakończenie uroczystości organizowanej przez WP?,Hymn państwowy,„Marsz generalski”,„Hasło Wojska Polskiego”,„Cisza”,C,,,,,,,,,,
mcq,310,Co należy odegrać podczas podnoszenia na maszt proporca Prezydenta RP?,„Hasło WP”,„Marsz generalski”,Hymn państwowy – „Mazurek Dąbrowskiego”,„Cisza”,C,,,,,,,,,,
mcq,311,Co to jest działalność szkoleniowo-metodyczna?,Organizacja ćwiczeń taktycznych,Zespół przedsięwzięć umożliwiających dowódcom nabycie wiedzy metodycznej,Planowanie mobilizacji,Kontrola dyscypliny,B,,,,,,,,,,
mcq,312,Co to jest instruktaż?,Odprawa służbowa,Metodyczne przygotowanie instruktorów do prowadzenia zajęć,Sprawdzenie uzbrojenia,Plan szkolenia rocznego,B,,,,,,,,,,
mcq,313,Celem instruktażu jest?,Kontrola dyscypliny,Doskonalenie umiejętności metodycznych i sprawdzenie przygotowania do zajęć,Wydanie rozkazu bojowego,Weryfikacja sprzętu,B,,,,,,,,,,
mcq,314,Metody przeprowadzenia instruktażu to?,Rozkazowa i kontrolna,"Dyrektywna, pokazowa, kolegialna",Teoretyczna i praktyczna,Indywidualna i zespołowa,B,,,,,,,,,,
mcq,315,Zasada operatywności polega na?,Szybkim wydawaniu rozkazów,Wykorzystywaniu zdobytej wiedzy w praktycznym działaniu,Utrzymywaniu dyscypliny,Planowaniu szkolenia,B,,,,,,,,,,
mcq,316,Zajęcia mogą być realizowane w formach?,Wyłącznie teoretycznych,"Ćwiczeń taktycznych, zajęć taktycznych, treningu, kursów",Wyłącznie musztry,Wyłącznie podróży szkoleniowej,B,,,,,,,,,,
mcq,317,Kto odpowiada za poziom wyszkolenia bezpośrednio podległych wojsk?,Szef sztabu,Bezpośredni przełożony,MON,Dowódca garnizonu,B,,,,,,,,,,
mcq,318,Kierowanie szkoleniem realizowane jest zgodnie z zasadą?,Dowodzenie przez kontrolę,Dowodzenie przez szkolenie,Szkolenie przez rozkaz,Systematycznej oceny,B,,,,,,,,,,
mcq,319,Ile razy w roku uwzględnia się „Dzień gotowości mobilizacyjnej i bojowej”?,2,3,4,6,C,,,,,,,,,,
mcq,320,Co to jest musztra bojowa?,Ceremoniał wojskowy,Forma ćwiczeń taktycznych na szczeblu pododdziału,Apel poranny,Zajęcia teoretyczne,B,,,,,,,,,,
mcq,321,Zasady organizacji OPL to?,"Maskowanie, rozśrodkowanie, współdziałanie","Zmasowanie, komplementarność, mobilność, współdziałanie","Elastyczność, decentralizacja, manewrowość","Centralizacja, koncentracja, izolacja",B,,,,,,,,,,
mcq,322,Jaka powinna być obrona przeciwlotnicza?,Statyczna i liniowa,"Okrężna, elastyczna, głęboko urzutowana, mobilna, żywotna",Skoncentrowana wyłącznie wokół lotnisk,Wyłącznie pasywna,B,,,,,,,,,,
mcq,323,Co jest celem OPL?,Wyłącznie niszczenie lotnictwa przeciwnika,"Ochrona przestrzeni powietrznej, osłona wojsk i zwalczanie ŚNP",Utrzymanie łączności radiowej,Wsparcie logistyczne wojsk,B,,,,,,,,,,
mcq,324,Zadania wojsk OPL w czasie pokoju obejmują?,Wyłącznie szkolenie,"Ostrzeganie, zarządzanie ruchem, interweniowanie, ratownictwo",Tylko patrolowanie granic,Wyłącznie kontrolę radarową,B,,,,,,,,,,
mcq,325,Zadania wojsk OPL w czasie wojny obejmują?,Wyłącznie obronę lotnisk,Odpieranie agresji powietrznej i osłonę wojsk,Wsparcie artylerii,Ochronę infrastruktury cywilnej wyłącznie,B,,,,,,,,,,
mcq,326,W ramach powszechnej OPL realizuje się?,Zmasowanie ognia,"Maskowanie, rozśrodkowanie i likwidację skutków uderzeń",Wyłącznie użycie rakiet,Tylko działania ofensywne,B,,,,,,,,,,
mcq,327,Na uzbrojeniu pułku przeciwlotniczego znajdują się zestawy?,Wyłącznie KUB i OSA,PIORUN i GROM,"KUB, OSA, PIORUN, POPRAD, NAREW",Wyłącznie systemy artyleryjskie,C,,,,,,,,,,
mcq,328,System OPL ze względu na funkcjonalność składa się z?,Podsystemu dowodzenia i rozpoznania,"Podsystemu dowodzenia, rozpoznania, rażenia i kontroli przestrzeni powietrznej",Wyłącznie podsystemu rażenia,Podsystemu logistycznego,B,,,,,,,,,,
mcq,329,Koncepcja OPL (zamiar działania) musi zawierać?,Wyłącznie wykaz sił,"Sposób użycia sił i środków OPL, rejony odpowiedzialności i współdziałanie",Wyłącznie dane logistyczne,Plan szkolenia,B,,,,,,,,,,
mcq,330,Jakie są metody oceny przeciwnika powietrznego?,Taktyczna i operacyjna,"Pojemnościowa, obiektowa i normatywna",Liniowa i strefowa,Statystyczna i dynamiczna,B,,,,,,,,,,
